{
  "nodo1-0": { "nodo1-1": 62.610000000000014 },
  "nodo1-1": {
    "nodo1-0": 62.610000000000014,
    "nodo1-38": 79.67000000000002,
    "nodo1-40": 38.46633463172693,
    "nodo1-41": 25.020337727536738
  },
  "nodo1-2": {
    "nodo1-38": 109.47,
    "nodo1-3": 157.55999999999995,
    "nodo1-22": 17.970000000000027
  },
  "nodo1-3": {
    "nodo1-2": 157.55999999999995,
    "nodo1-36": 36.389999999999986,
    "nodo1-10": 253.55,
    "nodo1-37": 70.29000000000002
  },
  "nodo1-4": {
    "nodo1-36": 58.670000000000016,
    "nodo1-5": 59.89000000000004,
    "nodo1-23": 70.51999999999998
  },
  "nodo1-5": {
    "nodo1-4": 59.89000000000004,
    "nodo1-6": 105.45999999999998,
    "nodo1-14": 79.67291697936004,
    "nodo1-28": 72.65696456637862
  },
  "nodo1-6": {
    "nodo1-5": 105.45999999999998,
    "nodo1-7": 207.82999999999998,
    "nodo1-29": 72.63407809010864,
    "nodo1-24": 64.54000000000002
  },
  "nodo1-7": {
    "nodo1-6": 207.82999999999998,
    "nodo1-8": 160.10999999999996,
    "nodo1-13": 152.55,
    "nodo1-25": 24.52000000000001
  },
  "nodo1-8": {
    "nodo1-7": 160.10999999999996,
    "nodo1-9": 160.7800000000001,
    "nodo1-31": 25.70576005489821,
    "nodo1-32": 23.147503105086734
  },
  "nodo1-9": { "nodo1-8": 160.7800000000001, "nodo1-26": 24.52000000000001 },
  "nodo1-10": {
    "nodo1-3": 253.55,
    "nodo1-11": 277.92999999999995,
    "nodo1-33": 23.829999999999927,
    "nodo1-34": 30.649999999999977
  },
  "nodo1-11": {
    "nodo1-10": 277.92999999999995,
    "nodo1-12": 211.40999999999997,
    "nodo1-27": 83.88999999999999
  },
  "nodo1-12": { "nodo1-11": 211.40999999999997 },
  "nodo1-13": { "nodo1-7": 152.55, "nodo1-30": 22.940217958859936 },
  "nodo1-14": { "nodo1-5": 79.67291697936004, "nodo1-15": 82.02385628583916 },
  "nodo1-15": { "nodo1-14": 82.02385628583916, "nodo1-16": 255.35000000000002 },
  "nodo1-16": { "nodo1-15": 255.35000000000002, "nodo1-17": 44.89999999999998 },
  "nodo1-17": {
    "nodo1-16": 44.89999999999998,
    "nodo1-18": 49.94,
    "nodo1-20": 197.76
  },
  "nodo1-18": { "nodo1-17": 49.94, "nodo1-19": 225.71000000000004 },
  "nodo1-19": { "nodo1-18": 225.71000000000004 },
  "nodo1-20": { "nodo1-17": 197.76 },
  "nodo1-21": { "nodo1-27": 86.26999999999998 },
  "nodo1-22": { "nodo1-2": 17.970000000000027, "nodo2-16": 0 },
  "nodo1-23": { "nodo1-4": 70.51999999999998, "nodo2-17": 0.3299999999999841 },
  "nodo1-24": { "nodo1-6": 64.54000000000002, "nodo2-18": 0 },
  "nodo1-25": { "nodo1-7": 24.52000000000001, "nodo2-19": 0 },
  "nodo1-26": { "nodo1-9": 24.52000000000001, "nodo2-20": 0 },
  "nodo1-27": {
    "nodo1-11": 83.88999999999999,
    "nodo1-21": 86.26999999999998,
    "nodo2-21": 0
  },
  "nodo1-28": { "nodo1-5": 72.65696456637862 },
  "nodo1-29": { "nodo1-6": 72.63407809010864 },
  "nodo1-30": { "nodo1-13": 22.940217958859936 },
  "nodo1-31": { "nodo1-8": 25.70576005489821 },
  "nodo1-32": { "nodo1-8": 23.147503105086734 },
  "nodo1-33": { "nodo1-10": 23.829999999999927 },
  "nodo1-34": { "nodo1-10": 30.649999999999977 },
  "nodo1-35": { "nodo1-36": 70.62 },
  "nodo1-36": {
    "nodo1-3": 36.389999999999986,
    "nodo1-4": 58.670000000000016,
    "nodo1-35": 70.62
  },
  "nodo1-37": { "nodo1-3": 70.29000000000002 },
  "nodo1-38": {
    "nodo1-1": 79.67000000000002,
    "nodo1-2": 109.47,
    "nodo1-39": 36.82999999999993,
    "nodo1-42": 17.970000000000027
  },
  "nodo1-39": { "nodo1-38": 36.82999999999993 },
  "nodo1-40": { "nodo1-1": 38.46633463172693 },
  "nodo1-41": { "nodo1-1": 25.020337727536738 },
  "nodo1-42": { "nodo1-38": 17.970000000000027 },
  "nodo2-0": {
    "nodo2-1": 139.51999999999998,
    "nodo2-14": 150.91,
    "nodo2-16": 36.00999999999999
  },
  "nodo2-1": {
    "nodo2-0": 139.51999999999998,
    "nodo2-2": 95.06,
    "nodo2-9": 87.44999999999999
  },
  "nodo2-2": {
    "nodo2-1": 95.06,
    "nodo2-3": 62.18000000000001,
    "nodo2-25": 64.54000000000002,
    "nodo2-17": 70.19
  },
  "nodo2-3": {
    "nodo2-2": 62.18000000000001,
    "nodo2-4": 103.17000000000002,
    "nodo2-23": 70.19
  },
  "nodo2-4": {
    "nodo2-3": 103.17000000000002,
    "nodo2-5": 207.82999999999998,
    "nodo2-24": 70.19,
    "nodo2-18": 64.54000000000002
  },
  "nodo2-5": {
    "nodo2-4": 207.82999999999998,
    "nodo2-6": 160.10999999999996,
    "nodo2-15": 152.55,
    "nodo2-19": 24.52000000000001
  },
  "nodo2-6": {
    "nodo2-5": 160.10999999999996,
    "nodo2-7": 100.43000000000006,
    "nodo2-27": 24.52000000000001,
    "nodo2-28": 21.560000000000002
  },
  "nodo2-7": {
    "nodo2-6": 100.43000000000006,
    "nodo2-8": 60.35000000000002,
    "nodo2-29": 21.560000000000002
  },
  "nodo2-8": { "nodo2-7": 60.35000000000002, "nodo2-20": 24.52000000000001 },
  "nodo2-9": {
    "nodo2-1": 87.44999999999999,
    "nodo2-10": 199.79999999999995,
    "nodo2-36": 13.529999999999973
  },
  "nodo2-10": {
    "nodo2-9": 199.79999999999995,
    "nodo2-11": 139.1400000000001,
    "nodo2-30": 27.220000000000027,
    "nodo2-31": 26.25
  },
  "nodo2-11": {
    "nodo2-10": 139.1400000000001,
    "nodo2-12": 105.08999999999992,
    "nodo2-32": 27.220000000000027
  },
  "nodo2-12": {
    "nodo2-11": 105.08999999999992,
    "nodo2-13": 142.84000000000003,
    "nodo2-33": 27.220000000000027,
    "nodo2-21": 83.88999999999999
  },
  "nodo2-13": {
    "nodo2-12": 142.84000000000003,
    "nodo2-34": 27.220000000000027,
    "nodo2-35": 26.25
  },
  "nodo2-14": { "nodo2-0": 150.91, "nodo2-22": 16.08000000000004 },
  "nodo2-15": { "nodo2-5": 152.55, "nodo2-26": 24.52000000000001 },
  "nodo2-16": { "nodo2-0": 36.00999999999999, "nodo1-22": 0, "nodo3-12": 0 },
  "nodo2-17": {
    "nodo2-2": 70.19,
    "nodo1-23": 0.3299999999999841,
    "nodo3-13": 0
  },
  "nodo2-18": { "nodo2-4": 64.54000000000002, "nodo1-24": 0 },
  "nodo2-19": { "nodo2-5": 24.52000000000001, "nodo1-25": 0, "nodo3-14": 0 },
  "nodo2-20": { "nodo2-8": 24.52000000000001, "nodo1-26": 0, "nodo3-15": 0 },
  "nodo2-21": {
    "nodo2-12": 83.88999999999999,
    "nodo1-27": 0,
    "nodo3-16": 1.0199999999999818
  },
  "nodo2-22": { "nodo2-14": 16.08000000000004 },
  "nodo2-23": { "nodo2-3": 70.19 },
  "nodo2-24": { "nodo2-4": 70.19 },
  "nodo2-25": { "nodo2-2": 64.54000000000002 },
  "nodo2-26": { "nodo2-15": 24.52000000000001 },
  "nodo2-27": { "nodo2-6": 24.52000000000001 },
  "nodo2-28": { "nodo2-6": 21.560000000000002 },
  "nodo2-29": { "nodo2-7": 21.560000000000002 },
  "nodo2-30": { "nodo2-10": 27.220000000000027 },
  "nodo2-31": { "nodo2-10": 26.25 },
  "nodo2-32": { "nodo2-11": 27.220000000000027 },
  "nodo2-33": { "nodo2-12": 27.220000000000027 },
  "nodo2-34": { "nodo2-13": 27.220000000000027 },
  "nodo2-35": { "nodo2-13": 26.25 },
  "nodo2-36": { "nodo2-9": 13.529999999999973 },
  "nodo3-0": {
    "nodo3-30": 101.33999999999992,
    "nodo3-22": 70.19,
    "nodo3-12": 24.970000000000027
  },
  "nodo3-1": {
    "nodo3-30": 49.22000000000003,
    "nodo3-32": 32.879999999999995,
    "nodo3-8": 192.8,
    "nodo3-21": 70.19
  },
  "nodo3-2": {
    "nodo3-32": 62.18000000000001,
    "nodo3-3": 61.05000000000001,
    "nodo3-13": 70.19
  },
  "nodo3-3": {
    "nodo3-2": 61.05000000000001,
    "nodo3-4": 312.13,
    "nodo3-20": 70.19
  },
  "nodo3-4": {
    "nodo3-3": 312.13,
    "nodo3-5": 160.10999999999996,
    "nodo3-17": 121.68,
    "nodo3-14": 24.52000000000001
  },
  "nodo3-5": {
    "nodo3-4": 160.10999999999996,
    "nodo3-6": 98.12,
    "nodo3-29": 21.560000000000002
  },
  "nodo3-6": { "nodo3-5": 98.12, "nodo3-7": 62.66000000000008 },
  "nodo3-7": {
    "nodo3-6": 62.66000000000008,
    "nodo3-19": 21.560000000000002,
    "nodo3-15": 24.52000000000001
  },
  "nodo3-8": {
    "nodo3-1": 192.8,
    "nodo3-9": 201.10000000000002,
    "nodo3-23": 27.220000000000027,
    "nodo3-24": 26.25
  },
  "nodo3-9": {
    "nodo3-8": 201.10000000000002,
    "nodo3-26": 89.61000000000001,
    "nodo3-25": 27.220000000000027
  },
  "nodo3-10": {
    "nodo3-26": 47.969999999999914,
    "nodo3-11": 137.84000000000003,
    "nodo3-16": 83.89620074830563
  },